"Gilt Name","Close of Business Date","ISIN","Type","Coupon","Maturity","Clean Price","Dirty Price","Yield","Mod Duration","Accrued Interest"
"UKTB  10/23","20/10/2023","GB00BP215225","Bills","N/A","23/10/2023","100.000000","N/A","N/A","N/A","N/A"
"UKTB  10/23","20/10/2023","GB00BP218898","Bills","N/A","30/10/2023","99.899225","N/A","5.260000","0.019159","N/A"
"UKTB  11/23","20/10/2023","GB00BP21BC47","Bills","N/A","06/11/2023","99.797911","N/A","5.279417","0.038279","N/A"
"UKTB  11/23","20/10/2023","GB00BP21DG25","Bills","N/A","13/11/2023","99.696700","N/A","5.287682","0.057360","N/A"
"UKTB  11/23","20/10/2023","GB00BP21H718","Bills","N/A","20/11/2023","99.596236","N/A","5.284692","0.076403","N/A"
"UKTB  11/23","20/10/2023","GB00BP21L579","Bills","N/A","27/11/2023","99.495552","N/A","5.287341","0.095407","N/A"
"UKTB  12/23","20/10/2023","GB00BP21NS45","Bills","N/A","04/12/2023","99.394971","N/A","5.290000","0.114372","N/A"
"UKTB  12/23","20/10/2023","GB00BP21PX38","Bills","N/A","11/12/2023","99.296167","N/A","5.280000","0.133302","N/A"
"UKTB  12/23","20/10/2023","GB00BP21T200","Bills","N/A","18/12/2023","99.195439","N/A","5.286547","0.152190","N/A"
"UKTB  12/23","20/10/2023","GB00BP21WN23","Bills","N/A","27/12/2023","99.066082","N/A","5.293749","0.176419","N/A"
"UKTB  01/24","20/10/2023","GB00BP21YP86","Bills","N/A","02/01/2024","98.979938","N/A","5.298026","0.192536","N/A"
"UKTB  01/24","20/10/2023","GB00BP221835","Bills","N/A","08/01/2024","98.893868","N/A","5.302000","0.208625","N/A"
"UKTB  01/24","20/10/2023","GB00BP225471","Bills","N/A","15/01/2024","98.781496","N/A","5.360000","0.227333","N/A"
"UKTB  01/24","20/10/2023","GB00BP227Q38","Bills","N/A","22/01/2024","98.681343","N/A","5.359796","0.246027","N/A"
"UKTB  01/24","20/10/2023","GB00BP22BH25","Bills","N/A","29/01/2024","98.581291","N/A","5.360009","0.264684","N/A"
"UKTB  02/24","20/10/2023","GB00BP22DJ88","Bills","N/A","05/02/2024","98.477032","N/A","5.376000","0.283290","N/A"
"UKTB  02/24","20/10/2023","GB00BP22GV14","Bills","N/A","12/02/2024","98.382343","N/A","5.358511","0.301886","N/A"
"UKTB  02/24","20/10/2023","GB00BP22LV66","Bills","N/A","19/02/2024","98.277198","N/A","5.376856","0.320411","N/A"
"UKTB  02/24","20/10/2023","GB00BP22PQ93","Bills","N/A","26/02/2024","98.172166","N/A","5.393500","0.338896","N/A"
"UKTB  03/24","20/10/2023","GB00BP22R525","Bills","N/A","04/03/2024","98.069218","N/A","5.403083","0.357348","N/A"
"UKTB  03/24","20/10/2023","GB00BP22SR16","Bills","N/A","11/03/2024","97.966379","N/A","5.412000","0.375761","N/A"
"UKTB  03/24","20/10/2023","GB00BP22X549","Bills","N/A","18/03/2024","97.871882","N/A","5.399000","0.394169","N/A"
"UKTB  03/24","20/10/2023","GB00BP22ZT23","Bills","N/A","25/03/2024","97.774044","N/A","5.395916","0.412526","N/A"
"UKTB  04/24","20/10/2023","GB00BP231Y24","Bills","N/A","02/04/2024","97.662349","N/A","5.393000","0.433460","N/A"
"UKTB  04/24","20/10/2023","GB00BP234P48","Bills","N/A","08/04/2024","97.577866","N/A","5.393000","0.449126","N/A"
"UKTB  04/24","20/10/2023","GB00BP237H78","Bills","N/A","15/04/2024","97.479488","N/A","5.393000","0.467367","N/A"
"UKTB  04/24","20/10/2023","GB00BP239S24","Bills","N/A","22/04/2024","97.381307","N/A","5.393000","0.485573","N/A"
"UKT 0.125 01/24","20/10/2023","GB00BMGR2791","Conventional","0.125","31/01/2024","98.724","98.752533","4.841781","0.270386","0.028533"
"UKT 1 04/24","20/10/2023","GB00BFWFPL34","Conventional","1.000","22/04/2024","98.059","98.061732","4.986586","0.486533","0.002732"
"UKT 2.75 09/24","20/10/2023","GB00BHBFH458","Conventional","2.750","07/09/2024","98.183","98.530527","4.893723","0.838865","0.347527"
"UKT 0.25 01/25","20/10/2023","GB00BLPK7110","Conventional","0.250","31/01/2025","94.418","94.475065","4.827835","1.239866","0.057065"
"UKT 5 03/25","20/10/2023","GB0030880693","Conventional","5.000","07/03/2025","100.196","100.827868","4.846494","1.305741","0.631868"
"UKT 0.625 06/25","20/10/2023","GB00BK5CVX03","Conventional","0.625","07/06/2025","93.707","93.942656","4.697074","1.576162","0.235656"
"UKT 2 09/25","20/10/2023","GB00BTHH2R79","Conventional","2.000","07/09/2025","95.147","95.399747","4.736069","1.800561","0.252747"
"UKT 3.5 10/25","20/10/2023","GB00BPCJD880","Conventional","3.500","22/10/2025","97.422","97.431563","4.870137","1.899239","0.009563"
"UKT 0.125 01/26","20/10/2023","GB00BL68HJ26","Conventional","0.125","30/01/2026","90.609","90.637872","4.526507","2.215546","0.028872"
"UKT 1.5 07/26","20/10/2023","GB00BYZW3G56","Conventional","1.500","22/07/2026","92.249","92.628076","4.531579","2.629393","0.379076"
"UKT 0.375 10/26","20/10/2023","GB00BNNGP668","Conventional","0.375","22/10/2026","88.391","88.392025","4.563037","2.915645","0.001025"
"UKT 4.125 01/27","20/10/2023","GB00BL6C7720","Conventional","4.125","29/01/2027","98.249","99.212995","4.707630","2.988445","0.963995"
"UKT 1.25 07/27","20/10/2023","GB00BDRHNP05","Conventional","1.250","22/07/2027","88.912","89.227897","4.497870","3.574065","0.315897"
"UKT 4.25 12/27","20/10/2023","GB00B16NNR78","Conventional","4.250","07/12/2027","98.926","100.528459","4.537364","3.680016","1.602459"
"UKT 0.125 01/28","20/10/2023","GB00BMBL1G81","Conventional","0.125","31/01/2028","83.203","83.231533","4.490065","4.165529","0.028533"
"UKT 4.5 06/28","20/10/2023","GB00BMF9LG83","Conventional","4.500","07/06/2028","99.481","101.005590","4.625058","4.067010","1.524590"
"UKT 1.625 10/28","20/10/2023","GB00BFX0ZL78","Conventional","1.625","22/10/2028","87.536","87.540440","4.433041","4.700139","0.004440"
"UKT 6 12/28","20/10/2023","GB0002404191","Conventional","6.000","07/12/2028","106.888","109.150295","4.479014","4.321732","2.262295"
"UKT 0.5 01/29","20/10/2023","GB00BLPK7227","Conventional","0.500","31/01/2029","81.194","81.308130","4.552621","5.077959","0.114130"
"UKT 0.875 10/29","20/10/2023","GB00BJMHB534","Conventional","0.875","22/10/2029","81.356","81.358391","4.451413","5.708602","0.002391"
"UKT 0.375 10/30","20/10/2023","GB00BL68HH02","Conventional","0.375","22/10/2030","75.461","75.462025","4.502314","6.744044","0.001025"
"UKT 4.75 12/30","20/10/2023","GB00B24FF097","Conventional","4.750","07/12/2030","101.520","103.310984","4.497420","5.897205","1.790984"
"UKT 0.25 07/31","20/10/2023","GB00BMGR2809","Conventional","0.250","31/07/2031","72.129","72.186065","4.547278","7.508309","0.057065"
"UKT 1 01/32","20/10/2023","GB00BM8Z2T38","Conventional","1.000","31/01/2032","75.556","75.784261","4.583807","7.698124","0.228261"
"UKT 4.25 06/32","20/10/2023","GB0004893086","Conventional","4.250","07/06/2032","97.917","99.519459","4.544046","7.016449","1.602459"
"UKT 3.25 01/33","20/10/2023","GB00BMV7TC88","Conventional","3.250","31/01/2033","89.544","90.285848","4.650518","7.750817","0.741848"
"UKT 0.875 07/33","20/10/2023","GB00BM8Z2S21","Conventional","0.875","31/07/2033","70.515","70.714728","4.666802","9.052330","0.199728"
"UKT 4.625 01/34","20/10/2023","GB00BPJJKN53","Conventional","4.625","31/01/2034","99.100","99.238247","4.737279","8.075794","0.138247"
"UKT 4.5 09/34","20/10/2023","GB00B52WS153","Conventional","4.500","07/09/2034","97.960","98.528681","4.741690","8.441300","0.568681"
"UKT 0.625 07/35","20/10/2023","GB00BMGR2916","Conventional","0.625","31/07/2035","62.850","62.992663","4.790455","10.936861","0.142663"
"UKT 4.25 03/36","20/10/2023","GB0032452392","Conventional","4.250","07/03/2036","94.800","95.337088","4.812082","9.385459","0.537088"
"UKT 1.75 09/37","20/10/2023","GB00BZB26Y51","Conventional","1.750","07/09/2037","68.410","68.631154","4.918093","11.647086","0.221154"
"UKT 3.75 01/38","20/10/2023","GB00BQC4R999","Conventional","3.750","29/01/2038","87.550","88.426359","4.978816","10.553466","0.876359"
"UKT 4.75 12/38","20/10/2023","GB00B00NY175","Conventional","4.750","07/12/2038","97.760","99.550984","4.961812","10.447713","1.790984"
"UKT 1.125 01/39","20/10/2023","GB00BLPK7334","Conventional","1.125","31/01/2039","58.950","59.206793","5.000424","13.198882","0.256793"
"UKT 4.25 09/39","20/10/2023","GB00B3KJDS62","Conventional","4.250","07/09/2039","91.740","92.277088","5.010127","11.145236","0.537088"
"UKT 4.25 12/40","20/10/2023","GB00B6460505","Conventional","4.250","07/12/2040","90.940","92.542459","5.046036","11.566691","1.602459"
"UKT 1.25 10/41","20/10/2023","GB00BJQWYH73","Conventional","1.250","22/10/2041","55.470","55.473415","5.043970","14.954591","0.003415"
"UKT 4.5 12/42","20/10/2023","GB00B1VWPJ53","Conventional","4.500","07/12/2042","92.930","94.626721","5.081905","12.226440","1.696721"
"UKT 3.25 01/44","20/10/2023","GB00B84Z9V04","Conventional","3.250","22/01/2044","76.530","77.351332","5.126087","13.604948","0.821332"
"UKT 3.5 01/45","20/10/2023","GB00BN65R313","Conventional","3.500","22/01/2045","78.970","79.854511","5.137405","13.769888","0.884511"
"UKT 0.875 01/46","20/10/2023","GB00BNNGP775","Conventional","0.875","31/01/2046","44.130","44.329728","5.101456","18.332783","0.199728"
"UKT 4.25 12/46","20/10/2023","GB00B128DP45","Conventional","4.250","07/12/2046","88.060","89.662459","5.137977","13.745193","1.602459"
"UKT 1.5 07/47","20/10/2023","GB00BDCHBW80","Conventional","1.500","22/07/2047","50.630","51.009076","5.114178","17.525019","0.379076"
"UKT 1.75 01/49","20/10/2023","GB00BFWFPP71","Conventional","1.750","22/01/2049","52.730","53.172255","5.100074","17.634545","0.442255"
"UKT 4.25 12/49","20/10/2023","GB00B39R3707","Conventional","4.250","07/12/2049","87.410","89.012459","5.129905","14.620092","1.602459"
"UKT 0.625 10/50","20/10/2023","GB00BMBL1F74","Conventional","0.625","22/10/2050","35.010","35.011708","5.070907","22.205532","0.001708"
"UKT 1.25 07/51","20/10/2023","GB00BLH38158","Conventional","1.250","31/07/2051","43.310","43.595326","5.081533","19.974594","0.285326"
"UKT 3.75 07/52","20/10/2023","GB00B6RNH572","Conventional","3.750","22/07/2052","79.700","80.647690","5.103668","15.825504","0.947690"
"UKT 1.5 07/53","20/10/2023","GB00BM8Z2V59","Conventional","1.500","31/07/2053","45.420","45.762391","5.072542","19.930120","0.342391"
"UKT 3.75 10/53","20/10/2023","GB00BPCJD997","Conventional","3.750","22/10/2053","79.190","79.200246","5.114155","16.289051","0.010246"
"UKT 1.625 10/54","20/10/2023","GB00BJLR0J16","Conventional","1.625","22/10/2054","46.560","46.564440","5.057677","20.111276","0.004440"
"UKT 4.25 12/55","20/10/2023","GB00B06YGN05","Conventional","4.250","07/12/2055","87.030","88.632459","5.072092","16.056905","1.602459"
"UKT 1.75 07/57","20/10/2023","GB00BD0XH204","Conventional","1.750","22/07/2057","47.330","47.772255","4.994328","20.380511","0.442255"
"UKT 4 01/60","20/10/2023","GB00B54QLM75","Conventional","4.000","22/01/2060","83.110","84.120870","5.015383","17.179450","1.010870"
"UKT 0.5 10/61","20/10/2023","GB00BMBL1D50","Conventional","0.500","22/10/2061","25.350","25.351366","4.778185","28.992992","0.001366"
"UKT 4 10/63","20/10/2023","GB00BMF9LF76","Conventional","4.000","22/10/2063","82.620","82.630929","5.010399","17.934470","0.010929"
"UKT 2.5 07/65","20/10/2023","GB00BYYMZX75","Conventional","2.500","22/07/2065","57.020","57.651793","4.942045","19.992148","0.631793"
"UKT 3.5 07/68","20/10/2023","GB00BBJNQY21","Conventional","3.500","22/07/2068","74.170","75.054511","4.937034","18.885671","0.884511"
"UKT 1.625 10/71","20/10/2023","GB00BFMCN652","Conventional","1.625","22/10/2071","40.770","40.774440","4.786621","23.439893","0.004440"
"UKT 1.125 10/73","20/10/2023","GB00BLBDX619","Conventional","1.125","22/10/2073","31.560","31.563074","4.679580","26.303975","0.003074"
"UKGI 0.125 03/24","20/10/2023","GB00B85SFQ54","Index-linked","0.125","22/03/2024","99.267","153.942896","1.907276","0.410917","0.016507"
"UKGI 0.125 03/26","20/10/2023","GB00BYY5F144","Index-linked","0.125","22/03/2026","98.356","143.184457","0.813881","2.401907","0.015496"
"UKGI 1.25 11/27","20/10/2023","GB00B128DH60","Index-linked","1.250","22/11/2027","102.346","199.255385","0.666370","3.959868","1.013230"
"UKGI 0.125 08/28","20/10/2023","GB00BZ1NTB69","Index-linked","0.125","10/08/2028","97.421","131.181988","0.672023","4.768616","0.033838"
"UKGI 0.125 03/29","20/10/2023","GB00B3Y1JG82","Index-linked","0.125","22/03/2029","96.668","153.069366","0.754152","5.377035","0.016855"
"UKGI 0.125 08/31","20/10/2023","GB00BNNGP551","Index-linked","0.125","10/08/2031","95.667","122.515598","0.696786","7.733490","0.032182"
"UKGI 1.25 11/32","20/10/2023","GB00B3D4VD98","Index-linked","1.250","22/11/2032","103.779","180.569878","0.817376","8.546220","0.905597"
"UKGI 0.75 11/33","20/10/2023","GB00BMF9LJ15","Index-linked","0.750","22/11/2033","98.490","99.699939","0.907065","9.657992","0.240797"
"UKGI 0.75 03/34","20/10/2023","GB00B46CGH68","Index-linked","0.750","22/03/2034","97.430","157.810408","1.010586","9.974768","0.103390"
"UKGI 0.125 11/36","20/10/2023","GB00BYZW3J87","Index-linked","0.125","22/11/2036","87.350","126.354897","1.170774","12.886581","0.075623"
"UKGI 1.125 11/37","20/10/2023","GB00B1L6W962","Index-linked","1.125","22/11/2037","98.300","183.582301","1.257085","12.907853","0.875040"
"UKGI 0.125 03/39","20/10/2023","GB00BLH38265","Index-linked","0.125","22/03/2039","82.150","104.084392","1.418245","15.143022","0.013486"
"UKGI 0.625 03/40","20/10/2023","GB00B3LZBF68","Index-linked","0.625","22/03/2040","87.980","152.833607","1.450526","15.437051","0.092409"
"UKGI 0.125 08/41","20/10/2023","GB00BGDYHF49","Index-linked","0.125","10/08/2041","78.750","105.735926","1.488420","17.439928","0.033739"
"UKGI 0.625 11/42","20/10/2023","GB00B3MYD345","Index-linked","0.625","22/11/2042","84.990","150.831303","1.535465","17.708312","0.462745"
"UKGI 0.125 03/44","20/10/2023","GB00B7RN0G65","Index-linked","0.125","22/03/2044","73.970","114.715129","1.628922","19.941884","0.016507"
"UKGI 0.625 03/45","20/10/2023","GB00BMF9LH90","Index-linked","0.625","22/03/2045","81.420","84.151253","1.659444","19.709832","0.054978"
"UKGI 0.125 03/46","20/10/2023","GB00BYMWG366","Index-linked","0.125","22/03/2046","71.180","103.808776","1.672010","21.847715","0.015523"
"UKGI 0.75 11/47","20/10/2023","GB00B24FFM16","Index-linked","0.750","22/11/2047","81.610","148.221561","1.681867","21.532462","0.567852"
"UKGI 0.125 08/48","20/10/2023","GB00BZ13DV40","Index-linked","0.125","10/08/2048","68.360","93.547447","1.692624","24.105874","0.034385"
"UKGI 0.5 03/50","20/10/2023","GB00B421JZ66","Index-linked","0.500","22/03/2050","74.480","131.271529","1.703818","24.210896","0.075009"
"UKTI 2.5 07/24","20/10/2023","GB0008983024","Index-linked","2.500","17/07/2024","380.445","383.003226","2.692280","0.717844","2.558226"
"UKTI 4.125 07/30","20/10/2023","GB0008932666","Index-linked","4.125","22/07/2030","332.905","335.800889","0.919908","5.965868","2.895889"
"UKTI 2 01/35","20/10/2023","GB0031790826","Index-linked","2.000","26/01/2035","233.640","234.685685","1.138216","10.093712","1.045685"
"UKGI 0.125 03/51","20/10/2023","GB00BNNGP882","Index-linked","0.125","22/03/2051","65.490","83.716375","1.706381","26.579067","0.013606"
"UKGI 0.25 03/52","20/10/2023","GB00B73ZYW09","Index-linked","0.250","22/03/2052","67.570","104.969275","1.692357","26.923532","0.033065"
"UKGI 1.25 11/55","20/10/2023","GB00B0CNHZ09","Index-linked","1.250","22/11/2055","89.610","176.281411","1.669609","25.770982","1.023069"
"UKGI 0.125 11/56","20/10/2023","GB00BYVP4K94","Index-linked","0.125","22/11/2056","61.330","87.109477","1.645495","31.870443","0.074234"
"UKGI 0.125 03/58","20/10/2023","GB00BP9DLZ64","Index-linked","0.125","22/03/2058","60.170","88.406572","1.645428","33.126056","0.015639"
"UKGI 0.375 03/62","20/10/2023","GB00B4PTCY75","Index-linked","0.375","22/03/2062","65.010","103.674896","1.597188","34.669286","0.050906"
"UKGI 0.125 11/65","20/10/2023","GB00BD9MZZ71","Index-linked","0.125","22/11/2065","56.590","81.755811","1.527079","40.163179","0.075502"
"UKGI 0.125 03/68","20/10/2023","GB00BDX8CX86","Index-linked","0.125","22/03/2068","55.840","84.078679","1.487045","42.322999","0.016026"
"UKGI 0.125 03/73","20/10/2023","GB00BM8Z2W66","Index-linked","0.125","22/03/2073","57.300","69.873139","1.298495","46.952268","0.012979"
"UKS  12/23","20/10/2023","GB0002442951","Strips","N/A","07/12/2023","99.396299","99.396299","4.926427","0.122543","N/A"
"UKS  03/24","20/10/2023","GB0030884562","Strips","N/A","07/03/2024","98.192319","98.192319","4.940811","0.365867","N/A"
"UKS  06/24","20/10/2023","GB0002443033","Strips","N/A","07/06/2024","97.029329","97.029329","4.901280","0.606101","N/A"
"UKS  09/24","20/10/2023","GB0030884679","Strips","N/A","07/09/2024","95.891841","95.891841","4.856267","0.845950","N/A"
"UKR  09/24","20/10/2023","GB00BLSNW788","Strips","N/A","07/09/2024","95.891841","95.891841","4.856267","0.845950","N/A"
"UKS  12/24","20/10/2023","GB0002443140","Strips","N/A","07/12/2024","94.789383","94.789383","4.822597","1.096511","N/A"
"UKR  03/25","20/10/2023","GB0030880701","Strips","N/A","07/03/2025","93.707817","93.707817","4.787572","1.341513","N/A"
"UKS  03/25","20/10/2023","GB0030884786","Strips","N/A","07/03/2025","93.707817","93.707817","4.787572","1.341513","N/A"
"UKS  06/25","20/10/2023","GB0002443256","Strips","N/A","07/06/2025","92.656896","92.656896","4.754911","1.585262","N/A"
"UKR  06/25","20/10/2023","GB00BK5H1X54","Strips","N/A","07/06/2025","92.656896","92.656896","4.754911","1.585262","N/A"
"UKS  09/25","20/10/2023","GB0030884893","Strips","N/A","07/09/2025","91.623419","91.623419","4.724126","1.830391","N/A"
"UKR  09/25","20/10/2023","GB00BWXBPL93","Strips","N/A","07/09/2025","91.623419","91.623419","4.724126","1.830391","N/A"
"UKS  12/25","20/10/2023","GB0002443363","Strips","N/A","07/12/2025","90.616777","90.616777","4.695491","2.074253","N/A"
"UKS  03/26","20/10/2023","GB0032727983","Strips","N/A","07/03/2026","89.624318","89.624318","4.668685","2.319482","N/A"
"UKS  06/26","20/10/2023","GB0002443470","Strips","N/A","07/06/2026","88.655043","88.655043","4.644005","2.563428","N/A"
"UKS  09/26","20/10/2023","GB0032728064","Strips","N/A","07/09/2026","87.696789","87.696789","4.621194","2.808728","N/A"
"UKS  12/26","20/10/2023","GB0002443587","Strips","N/A","07/12/2026","86.758313","86.758313","4.600503","3.052730","N/A"
"UKS  03/27","20/10/2023","GB0032728171","Strips","N/A","07/03/2027","85.827927","85.827927","4.581706","3.298072","N/A"
"UKS  06/27","20/10/2023","GB0002443694","Strips","N/A","07/06/2027","84.914213","84.914213","4.565007","3.542102","N/A"
"UKS  09/27","20/10/2023","GB0032728288","Strips","N/A","07/09/2027","84.005876","84.005876","4.550221","3.787458","N/A"
"UKS  12/27","20/10/2023","GB0002443702","Strips","N/A","07/12/2027","83.111392","83.111392","4.537503","4.031486","N/A"
"UKR  12/27","20/10/2023","GB00B1HYR000","Strips","N/A","07/12/2027","83.111392","83.111392","4.537503","4.031486","N/A"
"UKS  03/28","20/10/2023","GB0032728395","Strips","N/A","07/03/2028","82.219826","82.219826","4.526701","4.276827","N/A"
"UKS  06/28","20/10/2023","GB0002443819","Strips","N/A","07/06/2028","81.339640","81.339640","4.517911","4.520827","N/A"
"UKS  09/28","20/10/2023","GB0032728403","Strips","N/A","07/09/2028","80.460224","80.460224","4.511013","4.766126","N/A"
"UKS  12/28","20/10/2023","GB0002443926","Strips","N/A","07/12/2028","79.590085","79.590085","4.506050","5.010073","N/A"
"UKR  12/28","20/10/2023","GB0002444007","Strips","N/A","07/12/2028","79.590085","79.590085","4.506050","5.010073","N/A"
"UKS  03/29","20/10/2023","GB0032728510","Strips","N/A","07/03/2029","78.718907","78.718907","4.502928","5.255305","N/A"
"UKS  06/29","20/10/2023","GB0009140046","Strips","N/A","07/06/2029","77.855307","77.855307","4.501636","5.499174","N/A"
"UKS  09/29","20/10/2023","GB0032728627","Strips","N/A","07/09/2029","76.989248","76.989248","4.502104","5.744319","N/A"
"UKS  12/29","20/10/2023","GB0009140269","Strips","N/A","07/12/2029","76.129500","76.129500","4.504268","5.988091","N/A"
"UKS  03/30","20/10/2023","GB0032728734","Strips","N/A","07/03/2030","75.266278","75.266278","4.508083","6.233129","N/A"
"UKS  06/30","20/10/2023","GB0009140483","Strips","N/A","07/06/2030","74.408524","74.408524","4.513437","6.476788","N/A"
"UKS  09/30","20/10/2023","GB0032728841","Strips","N/A","07/09/2030","73.546680","73.546680","4.520308","6.721705","N/A"
"UKS  12/30","20/10/2023","GB0009140939","Strips","N/A","07/12/2030","72.689869","72.689869","4.528542","6.965239","N/A"
"UKR  12/30","20/10/2023","GB00B29WTS18","Strips","N/A","07/12/2030","72.689869","72.689869","4.528542","6.965239","N/A"
"UKS  03/31","20/10/2023","GB0032728957","Strips","N/A","07/03/2031","71.828732","71.828732","4.538142","7.210026","N/A"
"UKS  06/31","20/10/2023","GB0009141010","Strips","N/A","07/06/2031","70.972562","70.972562","4.548914","7.453426","N/A"
"UKS  09/31","20/10/2023","GB0032729039","Strips","N/A","07/09/2031","70.112173","70.112173","4.560887","7.698076","N/A"
"UKS  12/31","20/10/2023","GB0009141671","Strips","N/A","07/12/2031","69.257002","69.257002","4.573837","7.941339","N/A"
"UKS  03/32","20/10/2023","GB0032729146","Strips","N/A","07/03/2032","68.398011","68.398011","4.587814","8.185851","N/A"
"UKR  06/32","20/10/2023","GB0009139048","Strips","N/A","07/06/2032","67.544743","67.544743","4.602574","8.428976","N/A"
"UKS  06/32","20/10/2023","GB0009141895","Strips","N/A","07/06/2032","67.544743","67.544743","4.602574","8.428976","N/A"
"UKS  09/32","20/10/2023","GB0032729252","Strips","N/A","07/09/2032","66.688288","66.688288","4.618186","8.673351","N/A"
"UKS  12/32","20/10/2023","GB00B0125K93","Strips","N/A","07/12/2032","65.838254","65.838254","4.634391","8.916342","N/A"
"UKS  03/33","20/10/2023","GB0032729369","Strips","N/A","07/03/2033","64.985840","64.985840","4.651277","9.160584","N/A"
"UKS  06/33","20/10/2023","GB00B0125L01","Strips","N/A","07/06/2033","64.140672","64.140672","4.668576","9.403447","N/A"
"UKS  09/33","20/10/2023","GB0032729476","Strips","N/A","07/09/2033","63.294045","63.294045","4.686393","9.647565","N/A"
"UKS  12/33","20/10/2023","GB00B0125M18","Strips","N/A","07/12/2033","62.455549","62.455549","4.704456","9.890308","N/A"
"UKS  03/34","20/10/2023","GB0032729583","Strips","N/A","07/03/2034","61.616566","61.616566","4.722887","10.134310","N/A"
"UKS  06/34","20/10/2023","GB00B0125P49","Strips","N/A","07/06/2034","60.786606","60.786606","4.741417","10.376944","N/A"
"UKS  09/34","20/10/2023","GB0032729690","Strips","N/A","07/09/2034","59.957137","59.957137","4.760178","10.620841","N/A"
"UKR  09/34","20/10/2023","GB00B4JYZV64","Strips","N/A","07/09/2034","59.957137","59.957137","4.760178","10.620841","N/A"
"UKS  12/34","20/10/2023","GB00B0126284","Strips","N/A","07/12/2034","59.137548","59.137548","4.778906","10.863376","N/A"
"UKS  03/35","20/10/2023","GB0032729708","Strips","N/A","07/03/2035","58.319400","58.319400","4.797745","11.107179","N/A"
"UKS  06/35","20/10/2023","GB00B0126K68","Strips","N/A","07/06/2035","57.511933","57.511933","4.816438","11.349627","N/A"
"UKS  09/35","20/10/2023","GB0032729815","Strips","N/A","07/09/2035","56.706808","56.706808","4.835134","11.593349","N/A"
"UKS  12/35","20/10/2023","GB00B0127928","Strips","N/A","07/12/2035","55.913094","55.913094","4.853585","11.835722","N/A"
"UKR  03/36","20/10/2023","GB0032727876","Strips","N/A","07/03/2036","55.122567","55.122567","4.871946","12.079376","N/A"
"UKS  03/36","20/10/2023","GB0032729922","Strips","N/A","07/03/2036","55.122567","55.122567","4.871946","12.079376","N/A"
"UKS  06/36","20/10/2023","GB00B0127B43","Strips","N/A","07/06/2036","54.344104","54.344104","4.889976","12.321687","N/A"
"UKS  09/36","20/10/2023","GB00B61BCQ39","Strips","N/A","07/09/2036","53.569606","53.569606","4.907832","12.565285","N/A"
"UKS  12/36","20/10/2023","GB00B0126S45","Strips","N/A","07/12/2036","52.807733","52.807733","4.925286","12.807547","N/A"
"UKS  03/37","20/10/2023","GB00B61NZ372","Strips","N/A","07/03/2037","52.050514","52.050514","4.942495","13.051101","N/A"
"UKS  06/37","20/10/2023","GB00B0127L41","Strips","N/A","07/06/2037","51.306376","51.306376","4.959244","13.293327","N/A"
"UKS  09/37","20/10/2023","GB00B614YC20","Strips","N/A","07/09/2037","50.567498","50.567498","4.975687","13.536851","N/A"
"UKR  09/37","20/10/2023","GB00BZ4TGS74","Strips","N/A","07/09/2037","50.567498","50.567498","4.975687","13.536851","N/A"
"UKS  12/37","20/10/2023","GB00B0127N64","Strips","N/A","07/12/2037","49.842061","49.842061","4.991624","13.779052","N/A"
"UKS  03/38","20/10/2023","GB00B61NVB70","Strips","N/A","07/03/2038","49.122402","49.122402","5.007204","14.022557","N/A"
"UKS  06/38","20/10/2023","GB00B0127Q95","Strips","N/A","07/06/2038","48.416443","48.416443","5.022242","14.264746","N/A"
"UKS  09/38","20/10/2023","GB00B61LFW02","Strips","N/A","07/09/2038","47.716679","47.716679","5.036885","14.508245","N/A"
"UKR  12/38","20/10/2023","GB00B0125J88","Strips","N/A","07/12/2038","47.030771","47.030771","5.050960","14.750432","N/A"
"UKS  12/38","20/10/2023","GB00B0127W55","Strips","N/A","07/12/2038","47.030771","47.030771","5.050960","14.750432","N/A"
"UKS  03/39","20/10/2023","GB00B61HRJ92","Strips","N/A","07/03/2039","46.351381","46.351381","5.064610","14.993934","N/A"
"UKS  06/39","20/10/2023","GB00B0BDSR09","Strips","N/A","07/06/2039","45.685906","45.685906","5.077678","15.236130","N/A"
"UKR  09/39","20/10/2023","GB00B61LFT72","Strips","N/A","07/09/2039","45.027188","45.027188","5.090299","15.479646","N/A"
"UKS  09/39","20/10/2023","GB00B61NVD94","Strips","N/A","07/09/2039","45.027188","45.027188","5.090299","15.479646","N/A"
"UKS  12/39","20/10/2023","GB00B0BDSS16","Strips","N/A","07/12/2039","44.382359","44.382359","5.102332","15.721860","N/A"
"UKS  06/40","20/10/2023","GB00B0BDST23","Strips","N/A","07/06/2040","43.120312","43.120312","5.124890","16.207639","N/A"
"UKS  12/40","20/10/2023","GB00B0BDSV45","Strips","N/A","07/12/2040","41.899663","41.899663","5.145344","16.693482","N/A"
"UKR  12/40","20/10/2023","GB00B56HGD49","Strips","N/A","07/12/2040","41.899663","41.899663","5.145344","16.693482","N/A"
"UKS  06/41","20/10/2023","GB00B0BDSW51","Strips","N/A","07/06/2041","40.720062","40.720062","5.163712","17.179403","N/A"
"UKS  12/41","20/10/2023","GB00B0BDSX68","Strips","N/A","07/12/2041","39.580945","39.580945","5.180026","17.665414","N/A"
"UKS  06/42","20/10/2023","GB00B0BDSY75","Strips","N/A","07/06/2042","38.481582","38.481582","5.194337","18.151525","N/A"
"UKS  12/42","20/10/2023","GB00B0BDSZ82","Strips","N/A","07/12/2042","37.421100","37.421100","5.206703","18.637745","N/A"
"UKR  12/42","20/10/2023","GB00B2494Q05","Strips","N/A","07/12/2042","37.421100","37.421100","5.206703","18.637745","N/A"
"UKS  06/43","20/10/2023","GB00B0BDT005","Strips","N/A","07/06/2043","36.398509","36.398509","5.217195","19.124081","N/A"
"UKS  12/43","20/10/2023","GB00B0BDT112","Strips","N/A","07/12/2043","35.412725","35.412725","5.225889","19.610538","N/A"
"UKS  06/44","20/10/2023","GB00B0BDT229","Strips","N/A","07/06/2044","34.462587","34.462587","5.232870","20.097123","N/A"
"UKS  12/44","20/10/2023","GB00B0BDT336","Strips","N/A","07/12/2044","33.546873","33.546873","5.238228","20.583837","N/A"
"UKS  06/45","20/10/2023","GB00B0BDT443","Strips","N/A","07/06/2045","32.664324","32.664324","5.242053","21.070683","N/A"
"UKS  12/45","20/10/2023","GB00B0BDT559","Strips","N/A","07/12/2045","31.813657","31.813657","5.244443","21.557661","N/A"
"UKS  06/46","20/10/2023","GB00B0BDT666","Strips","N/A","07/06/2046","30.993590","30.993590","5.245491","22.044773","N/A"
"UKS  12/46","20/10/2023","GB00B0BDT773","Strips","N/A","07/12/2046","30.202848","30.202848","5.245290","22.532016","N/A"
"UKR  12/46","20/10/2023","GB00B15F3H46","Strips","N/A","07/12/2046","30.202848","30.202848","5.245290","22.532016","N/A"
"UKS  06/47","20/10/2023","GB00B0BDT880","Strips","N/A","07/06/2047","29.440180","29.440180","5.243932","23.019390","N/A"
"UKS  12/47","20/10/2023","GB00B0BDT997","Strips","N/A","07/12/2047","28.704364","28.704364","5.241505","23.506893","N/A"
"UKS  06/48","20/10/2023","GB00B0BDTB14","Strips","N/A","07/06/2048","27.994218","27.994218","5.238092","23.994523","N/A"
"UKS  12/48","20/10/2023","GB00B0BDTC21","Strips","N/A","07/12/2048","27.308605","27.308605","5.233774","24.482277","N/A"
"UKS  06/49","20/10/2023","GB00B0BDTD38","Strips","N/A","07/06/2049","26.646436","26.646436","5.228624","24.970153","N/A"
"UKS  12/49","20/10/2023","GB00B0BDTF51","Strips","N/A","07/12/2049","26.006671","26.006671","5.222713","25.458148","N/A"
"UKR  12/49","20/10/2023","GB00B3FMYZ45","Strips","N/A","07/12/2049","26.006671","26.006671","5.222713","25.458148","N/A"
"UKS  06/50","20/10/2023","GB00B0BDTG68","Strips","N/A","07/06/2050","25.388321","25.388321","5.216104","25.946259","N/A"
"UKS  12/50","20/10/2023","GB00B0BDTH75","Strips","N/A","07/12/2050","24.790450","24.790450","5.208858","26.434483","N/A"
"UKS  06/51","20/10/2023","GB00B0BDTJ99","Strips","N/A","07/06/2051","24.212170","24.212170","5.201029","26.922819","N/A"
"UKS  12/51","20/10/2023","GB00B0BDTK05","Strips","N/A","07/12/2051","23.652646","23.652646","5.192666","27.411263","N/A"
"UKS  06/52","20/10/2023","GB00B0BDTL12","Strips","N/A","07/06/2052","23.111093","23.111093","5.183813","27.899814","N/A"
"UKS  12/52","20/10/2023","GB00B0BDTM29","Strips","N/A","07/12/2052","22.586771","22.586771","5.174512","28.388468","N/A"
"UKS  06/53","20/10/2023","GB00B0BDTN36","Strips","N/A","07/06/2053","22.078983","22.078983","5.164797","28.877226","N/A"
"UKS  12/53","20/10/2023","GB00B0BDTP59","Strips","N/A","07/12/2053","21.587072","21.587072","5.154701","29.366084","N/A"
"UKS  06/54","20/10/2023","GB00B0BDTQ66","Strips","N/A","07/06/2054","21.110419","21.110419","5.144254","29.855041","N/A"
"UKS  12/54","20/10/2023","GB00B0BDTR73","Strips","N/A","07/12/2054","20.648437","20.648437","5.133480","30.344097","N/A"
"UKS  06/55","20/10/2023","GB00B0BDTS80","Strips","N/A","07/06/2055","20.200576","20.200576","5.122404","30.833249","N/A"
"UKS  12/55","20/10/2023","GB00B0BDTT97","Strips","N/A","07/12/2055","19.766314","19.766314","5.111046","31.322497","N/A"
"UKR  12/55","20/10/2023","GB00B0BDTV10","Strips","N/A","07/12/2055","19.766314","19.766314","5.111046","31.322497","N/A"
